1457|개발|개발자|공유|관심|모임|발표|사람|서로|소개|시간|시작|이야기|자기|자리|정말|준비|참여|초면|키친|형제
1458|개발자|경험|과정|대해|민족|배달|본인|사람|생각|서비스|시간|시장|여러|음식|정도|조직|주문|진행|통해|형제
1459|고민|공유|과정|기술|내용|다시|문서|바로|변화|사람|사용|사적|상황|생각|서비스|영어|이용|정리|지금|회사
1460|개발|객체|결과|경우|기반|기술|문제|사용|서비스|앤드|웹앱|위해|전달|제공|처리|컴포넌트|코드|프레임|프론트|형태
1461|가시|기능|다른|라면|메뉴|문제|번호|브라우저|사내|사람|서비스|시작|예약|운영|점심|주문|주방|처리|키친|형제
1462|검색|경우|모양새|문제|보아|생각|서버|수정|의도|저장|정보|주소|착각|처리|추가|추출|특성|패턴|프로그램|필드
1463|개발|객체|건희|구현|기능|대한|비대|신정|오해|이야기|작성|진실|진행|책임|출처|코드|클래스|테스트|프로젝트|하나
1464|개인|과정|다시|때문|모든|문제|미래|부분|브라우저|사람|상황|영어|이야기|일본어|정도|코드|표준|하루|한국|해결
1465|객체|객체지향|관계|구현|그림|도메인|메뉴|메시지|바리스타|사실|설명|손님|인터페이스|전문점|커피|타입|통해|포함|항목|협력
1466|개발|과정|기술|민족|배달|변화|부담|부분|부채|사람|사용|상황|서비스|선택|작년|정말|조직|진행|프로젝트|형제
1467|개발|구성|기능|다음|때문|명령|방법|사용|생각|에디터|일단|입력|참고|추가|커맨드|커서|편집|플러그인|현재|환경
1468|가장|결점|기존|다른|루카스|루크|부작|설정|솔로|스타워즈|시리즈|엑스|영화|우주|원래|이야기|작품|제국|클래식|파이터
1469|관리|그룹|기능|다음|도구|도입|등록|목록|문자열|보고|본격|사용|사용자|센스|시작|업무|요청|이메일|인텔리|추가
1470|관리|구성|굳이|기능|나니|메일|버튼|보기|사용자|생각|수동|스크립트|업무|이야기|일단|입력|자동|자동화|정보|필요
1471|고작|관리|구현|기능|기존|누가|모든|문서|반복|보고|사용|서버|알람|업무|우리|위해|이슈|이야기|자동화|작업
1472|개발|경험|공부|기간|김용|동안|문화|배민|사람|생각|시작|우형|인턴|자기|자리|정말|통해|학당|형제|회사
1473|가지|개발|경험|공유|관해|기술|기획|대한|레저|발표|분야|서비스|숙박|스타트|이야기|전문성|조직|준비|해결|회사
1474|격려|경험|공유|관심|당일|레저|모두|발표|수기|아래|여름|오픈|응답|자료|자리|질의|충고|카테고리|티비|행사
1475|강타|개발|개발자|관련|그랜드|내야|대응|데이터|레저|모두|분기|세션|수기|오픈|인력|준비|카테고리|특급|페이지|프론트
1476|개발|규칙|근로|기능|기록|데이터|도구|로그|메시지|문제|발생|변경|사용|사용자|서비스|수정|슬랙봇|시간|제작|초과
1477|경로|경우|내용|동작|모두|모든|발생|사용|사용자|상태|서비스|설치|수집|실행|위해|이번|이벤트|정보|현상|확인
1478|검색|결과|때문|발견|발생|배포|버그|버전|사용|상황|에러|위해|이슈|적용|코드|파트|페이지|프로젝트|하이브리드|확인
1479|개발|개발자|개인|구축|기술|기획|도움|때문|로그|로컬|반복|생각|시간|이슈|작업|잔소리|전달|푸시|환경|회사
101|개발|결정|노드|때문|로드|발생|사용|사용자|삭제|상태|서비스|스펙|아래|업데이트|처리|코드|클러스터|트래픽|해결|형태
102|개발|과정|구현|기능|기술|다른|도구|때문|보호|사용|소스|실행|언어|위해|최적화|컴파일|컴파일러|코드|파일|확인
103|개발|구현|기능|난독화|노출|다른|문자열|변경|분기|사용|소스|실행|오크|적용|제어|추가|코드|파일|형태|흐름
104|개선|기록|대응|데이터|때문|메시|문제|사용|서버|순간|신년|요청|유입|진행|처리|컴포넌트|클러스터|트래픽|패턴|해당
105|가독성|가지|객체|거나|결합|경우|대상|데이터|때문|묵적|반환|발생|사용|상태|설명|유형|의존|인자|코드|호출
106|구현|네트워크|데이터|때문|리소스|방법|별도|사용|사용자|서버|서비스|스트림|아래|이용|정보|제공|지원|참고|추가|효율
107|개발|구독|구현|데이터|동기|메모리|발행|방식|사용|서버|실제|아래|애플리케이션|요청|응답|이용|조회|처리|포스|하나
108|개발|개선|검증|결과|그림|로그|문제|발생|변경|수행|시간|시스템|아래|안정|업무|자동화|작업|테스트|통합|확인
109|개발|결과|구성|동작|문제|발생|변경|보고서|보수|사용|생각|서버|서비스|시스템|적용|코드|테스트|통합|해결|환경
110|개발|구성|기능|때문|문제|미디어|발생|배포|서버|서비스|설정|수행|위해|자동화|제공|코드|테스트|플랫폼|확인|환경
111|가지|경험|다른|달성|발표|생각|세션|스페인|아래|여러|우리|위해|이자|자신|조직|중심|진행|콘퍼런스|협업|활동
112|가장|그래프|미니|발표|사용자|서비스|세션|순간|여러|외부|워크숍|위해|이유|자로|정보|제공|진행|채널|태국|하나
113|가지|개발|개선|공유|기능|기존|다른|때문|모듈|목록|변경|사용|사용자|서비스|액션|여러|진입|처리|코드|화면
114|가지|개발|공유|구현|기능|데이터|모델|모듈|사용|서비스|여러|위해|이미지|전달|전송|정보|처리|코드|콘텐츠|통합
115|가독성|거나|견고|경우|기반|데이터|반환|변경|변환|상태|설명|유형|절차|정의|처리|커맨드|코드|프로그래밍|향상|호출
116|계층|다른|때문|소프트웨어|스마트|스케일|시간|실시간|압축|영상|이미지|정보|차이|코덱|코딩|통화|하드웨어|하이브리드|해상도|활용
117|데이터|리지|모든|변환|사용|서버|서비스|스토|스토리|압축|우리|원본|위해|이미지|저장|정도|처리|크기|파일|화질
118|가지|개발|개발자|기능|다른|발표|방식|사용|생각|실제|여러|이번|작동|진행|참가|코드|콘퍼런스|터미널|테스트|행사
119|가독성|경우|단어|동사|메시지|문서|사용|설명|시점|약어|요약|위해|유형|이름|이해|작성|절차|정의|주석|코드
120|개발|과정|기여|내용|메인|버전|변경|설명|설정|소스|스프린트|시간|오픈|이슈|진행|추가|코드|코멘트|표시|확인
121|때문|메시지|미디어|발생|비디오|비용|사용|사용자|서비스|스토리|요청|위해|이미지|인프라|저장|전달|처리|트래픽|파일|플랫폼
122|다크|대응|때문|모드|변경|사용|상태|색상|선택|설정|수정|스타일|위해|이미지|이용|작업|제공|지원|추가|화면
123|가지|개발|개발자|개선|검증|기능|데이터|목표|배포|사람|사용자|소스|수집|수행|시스템|업무|작업|진행|코드|패키지
124|가공|데이터|때문|로그|모니터링|문제|발생|사용|서비스|설정|시간|이용|작업|제공|처리|통해|포맷|플랫폼|필드|활용
125|개발|거래|고객|과정|관련|금융|기관|대출|데이터|때문|모형|보유|사업|서비스|신용|용도|전통|주로|평가|활용
126|개발|개발자|공유|구성원|기술|노력|로그|문화|사내|엔지니어|엔지니어링|위해|이야기|조직|지원|진행|커뮤니케이션|통해|투자|회사
127|가지|각종|결과|누락|도구|도입|문제|발견|발생|비교|빌드|소스|여러|원인|이용|처리|출시|파일|포함|현상
128|검토|관리|기업|대한|문제|사용|생각|서버|수행|스크립트|엔지니어|운영|자동화|작업|장애|제공|준비|필요|환경|회사
129|개발|관리|권한|기능|기업|모듈|사용|실행|언어|여러|위해|인프라|작업|적용|정책|제공|조건|코드|프로|환경
130|가지|검증|경험|관리|기능|때문|사내|사용|사용자|생각|서버|엔지니어|오픈|위해|이미지|이용|저희|접근|제공|테스트
131|개발|개발자|때문|리뷰|만큼|모습|분위기|사용자|새해|생각|서버|서비스|여러|영어|원인|위해|작성|장애|코드|회사
132|결과|공격|기존|데이터|때문|러닝|로그|머신|모니터링|보안|부분|사용|시계열|시스템|알고리즘|업무|여러|위해|적용|접속
133|가지|개발|개발자|경험|기술|기여|때문|발표|서비스|소스|스프린트|여러|오픈|주제|진행|커뮤니티|한국|행사|활동|후원
134|과정|기반|네트워크|노드|닝하|대한|변경|블록|생각|수행|애플리케이션|운영|위해|자원|제공|체인|컨테이너|코드|프로|환경
135|개발자|공유|기술|동안|로그|리기|무엇|삽질|얼마나|엔지니어링|연재|올해|정해|주제|준비|처음|커뮤니티|특정|한국|형식
136|가지|경험|구동|동작|때문|루프|마이크로|문제|방법|사용자|스택|시간|실행|위해|이벤트|작업|처리|코드|타이핑|태스크
137|내용|대상|데이터|디스크|문제|발생|사용|스레드|시스템|요청|이번|저희|전혀|차단|처리|캐시|페이지|플랫폼|해결|호출
138|개발자|경험|네트워크|다른|때문|사람|사용|사우디|서버|서비스|시간|시청|이번|저희|적용|출장|테스트|통해|현지|환경
139|경우|네트워크|데이터|디스크|매우|문제|발생|복사|사용|소켓|스레드|시스템|운영|응답|이번|작업|처리|클라이언트|하나|환경
140|개발|경우|관련|광고|광고주|극대|기술|대한|데이터|모델|무근|사용자|생각|여러|위해|이야기|장애|저희|지금|트래픽
141|가독성|개발|구현|기능|기술|다른|발견|변경|사용|사용자|원칙|위해|이유|코드|클래스|테이|포함|프레|프로그래밍|하나
142|개선|경우|내용|대응|데이터|때문|발생|부서|사용|서비스|아이디어|여러|장애|정도|준비|진행|채널|통해|해결|혁신
143|관련|다른|데이터|발생|부하|사용|서버|서비스|시스템|여러|요청|운영|자원|작업|제공|처리|클라이언트|클러스터|플랫폼|하나
144|기능|마지막|부담|여러|요청|운영|위해|이벤트|이용|제공|직접|참여자|챗봇|추가|코드|코딩|테스트|파이|행사|활용
145|개발자|경력|내부|내용|면접|문제|방식|사람|생각|수도|알고리즘|이직|준비|지식|직장|채용|코딩|테스트|프로젝트|회사
146|개발|개발자|공유|교류|글로벌|도입|디자인|때문|발표|생각|서로|시간|시작|여러|워크숍|위해|이번|이야기|진행|프로젝트
147|개선|구현|때문|렌더링|메모리|문제|방식|사고|사용|수행|스크롤|아이디어|여러|요청|위해|이미지|작업|코드|해결|활용
148|가장|관련|기술|다음|동안|마무리|만큼|모습|문제|본선|예선|위해|일본|진행|참가자|춘천|커넥트|한국|해커|행사
149|가지|개발자|관련|네트워크|데이터|로드|문제|발생|방식|사용|사용자|서버|운영|위해|인프라|진행|처리|통신|플랫폼|해결
150|개발|검색|구현|기능|기반|대화|메신저|사용|사용자|서비스|수신|스티커|위해|이용|저장|전송|진입|진행|친구|코드
151|가지|개발|개선|고객|내용|대한|발생|발표|법률|분석|사례|실제|여러|요구사항|요약|자동|파이|플랫폼|하나|환경
152|개발|내용|발생|버전|버튼|빌드|사용|소개|속도|시간|시스템|아래|언어|이번|참고|최신|추가|클릭|프로젝트|화면
153|개발|경진|경향|대회|도착|문제|방법|브라운|시간|아래|알고리즘|위치|이해|접근|조건|출제|코딩|테스트|함수|해결
154|가지|개발|때문|라이브러리|밀도|사용|서비스|속성|이번|이상|자동|작업|정도|지원|코드|크기|태국|포함|현재|화면
155|가지|결과|경험|드하|따라서|로드|모듈|방법|별로|본문|사용|시간|아래|자원|적용|처리|처음|크기|파일|포함
156|개발|결정|기능|때문|보수|사용|사용자|생각|어려움|유지|이야기|저희|적용|제공|제스처|코드|크로스|프로젝트|플랫폼|플러그인
157|공유|그레이|데이터|때문|마이|문제|복제|사용자|샤딩|서버|서비스|실시|아래|엔지니어|작업|증가|진행|캠페인|테이블|환경
158|강조|개발자|내부|내용|라이터|문서|발표|부분|생각|여러|위해|자동|작업|정보|제공|존재|코드|테크니컬|포드|회사
159|개발|경우|노드|때문|문제|발생|변경|사용|상태|서비스|설치|수행|스터|실제|안정|에이전트|위해|클러스터|테스트|통해
160|검증|과정|기술|다른|디자인|때문|모습|사실|사업|생각|서비스|세션|스마트|스프린트|시간|아이디어|작성|증강현실|참여자|프로세스
161|구현|기존|데이터|데이터베이스|때문|레코드|만화|발생|방법|샤딩|서비스|수정|쓰기|이번|이중|작업|작품|조인|테이블|통해
162|광고|구현|때문|링크|마케팅|모바일|방법|버전|사용|사용자|설치|실행|아래|위해|이동|이용|정보|통해|형태|환경
163|개발|개발자|관련|관리|국내|기술|동료|때문|라이터|라이팅|문서|분야|사람|사용|소프트웨어|이용|작성|작업|테크니컬|프로세스
164|개발자|기술|데이터|도구|라이터|런스|레퍼런스|문서|방법|사용|설명|소스|웹사이트|자바|작성|작업|출력|코드|테크니컬|프로젝트
165|개발자|공개|공식|과제|관련|기술|루고|본선|사이트|상위|세계|시작|예선|예정|이번|진행|참가|참가자|해커|행사
166|거나|게임|경우|너리|따라서|때문|모니터링|바이|방지|사용|사용자|아이템|저가|조작|치트|클라이언트|통화|파일|플레이|행위
167|가지|게임|관리|데이터|동기|때문|로그|방법|사용|사용자|위해|작업|저희|제공|추가|통합|티브|포함|프로젝트|형식
168|개발|개발자|개선|기기|기존|네트워크|발생|방법|분석|설정|속도|일정|입사|조직|지점|초기|출장|파일|해외|화면
169|개선|검색|결과|구현|기능|당시|문제|발견|사용자|상황|시작|실행|아래|애니메이션|여러|영역|위해|이미지|추가|코드
170|개발|만약|명령어|문제|배포|변경|사용|서비스|시작|아래|애플리케이션|요청|운영|이벤트|종료|중단|처리|프로세스|해결|활용
171|가능성|강의|개발|개발자|공유|그룹|기술|로서|사용|서비스|선정|스마트|스피커|시스템|업무|위해|정보|커뮤니티|행사|현재
172|개발|개발자|기술|대한|밋업|사용|서비스|세션|시간|엔드|위해|이야기|전해|지원|진행|참가자|참여|채용|프론트|한국
173|공격|구성|내용|때문|로컬|메모리|발견|발생|사용자|상승|수행|실행|위해|취약|취약점|코드|통신|프로그램|함수|해커
174|개발|개발자|고장|구축|다른|문제|사용|사용자|서로|서비스|시스템|애플리케이션|여러|운영|이용|저희|제공|클라우드|품질|프라이
175|개발|개발자|기술|대한|라이트|발표|사용자|서비스|세션|시간|시작|영상|워드|위해|이번|일본어|주제|포스터|행사|형태
176|개발|개발자|검사|공유|구독|구현|기술|사용|세션|유효|이드|이번|작성|적용|정보|진행|처리|코드|테스트|파악
177|각자|기간|기여|무엇|사람|소개|소스|스프린트|신청|오픈|위해|이번|이슈|정도|지난|직접|진행|참가|참여|행사
178|검증|내용|너리|데이터|때문|무결|바이|보안|서명|설명|실행|위해|인증서|코드|파일|포맷|포스팅|프로|항목|확인
179|그래프|기간|기능|데이터|때문|바로|방법|분석|사용|서버|서비스|실행|아래|엑셀|이번|이용|전체|정보|테이블|피벗
180|개발|개발자|기여|도움|모두|문서|문제|사용|사용자|생각|소스|여자|오픈|이번|작성|참여|코드|포함|프로젝트|활동
181|개발|개발자|구현|규모|기능|동기|때문|방식|보기|생각|서비스|소스|시간|오픈|요청|직접|채용|프레임|프로젝트|해당
182|가이드|거짓말|독자|디자이너|라인|로그|링크|맞이|사용|샘플|서도|소한|엔지니어링|이벤트|이용|제공|준비|챗봇|코딩|탐지
183|검색|결과|국립|국어|기사|네이버|뉴스|다른|메시지|분류|사이트|샘플|여러|오픈|용례|이용|일간|정보|지로|확인
184|개발|검수|과정|다음|도구|때문|문제|버그|보안|분석|사용|사용자|소스|실제|입력|정의|정적|추가|코드|테스트
185|개발|게임|결과|공개|관리|데이터|때문|리소스|별로|분석|사용|사용자|서비스|위해|작업|저장|진행|처리|클러스터|환경
186|결과|모든|발생|비교|설정|성능|수집|시나리오|실험|아래|일괄|전체|정도|정보|처리|테이블|포함|폴트|항목|활성화
187|개발|다른|버그|사용|서로|세션|소프트웨어|시간|여러|역량|운영|위해|일찍|자동화|컴포넌트|콘퍼런스|테스트|품질|프로세스|환경
188|개인|고민|공개|구현|데이터|때문|러닝|머신|메일|모델|사용|색상|스팸|실행|아래|엔드|장점|전체|클라이언트|프런트
189|경우|대한|때문|문제|발생|버전|변경|사용|서버|서비스|성능|소스|시스템|운영|작업|적용|제품|코드|테스트|확인
190|결정|금액|기준|때문|보고|보상|보상금|심사|업데이트|여러|인정|일부|저희|조금|지급|취약점|카테고리|테이블|티셔츠|프로그램
191|가지|개발|경우|기능|다른|리뷰|반영|발생|방식|베이스|브랜치|사고|사례|아래|운영|이번|자동|작동|패턴|확인
192|데이터|때문|리소스|매니저|발생|사내|사용|설정|소스|스레드|스케줄|시작|실행|진행|참고|처리|코드|파일|해당|현상
193|가장|가지|개발|공유|그때|기술|대해|로그|메신저|사람|사용자|생각|서버|서비스|승헌|운영|위해|이야기|인프라|컴퓨터
194|도구|때문|방문자|방법|분석|사용|사용자|설정|아래|요청|운영|웹사이트|자동화|작동|최적화|추적|테스트|트래픽|페이지|확인
195|개발자|검증|내용|문제|블록|비교|사용|서명|아래|업데이트|위해|이드|이상|이용|이전|인증서|정보|존재|파일|확인
196|가지|개념|경우|고려|기술|대한|라이터|문서|번역|분야|사람|사항|아래|오류|원문|작성|점수|테크니컬|평가|품질
197|개발|게임|구현|기능|기본|다음|도트|때문|사용자|순위|실행|일본어|입력|제공|제작|컴퓨터|코드|프로그래밍|해커|환경
198|가격|광학|규격|단자|데이터|드라이브|때문|미디어|보통|사용|사이즈|실제|용량|일반|조금|추가|카드|테이프|파일|해도
199|개발|개발자|거래|경진|계획|대회|라인|링크|모두|보상|본선|블록|사용자|소규모|위해|지원|진출|체인|퍼블릭|플랫폼
200|개발|경우|기기|기능|기본|변경|사용|설정|여러분|연결|이나|이용|제공|제품|지원|진행|코드|테스트|펌웨어|화면
