534|도구|로그|모든|분석|사용|서버|스크립트|시간|실행|애플리케이션|예제|지정|추적|출력|코드|파일|프로|호출|확인|횟수
535|건국|공유|관심|기초|대학교|도움|모임|설치|세미나|자료|작동|정리|주신|진행|차곡차곡|학생|학술|||
536|개발자|공부|공유|과정|관심|문제|설명|스터디|알고리즘|자료|참고|풀이|학생|||||||
537|공유|구체|기본|대한|대해|도움|미디어|방법|본기|서비스|설계|스터디|스팩|예정|자료|주로|카페|코딩|포맷|하이퍼
538|개발|공유|관심|도움|별로|분야|스터디|스텍|자료|정리|주제|중인|진행|커뮤니티||||||
539|개발|경험|공모전|공부|관심|레이스|마켓|모듈|배포|분야|소스|시장|오픈|이용|일반|장터|중고|타일|통해|현재
540|공유|구성|그룹|기본|기준|내용|도서|사용자|스터디|싱글|애플리케이션|연결|자료|지원|진행|페이지|프레임|플레이|한국|
541|개발|기술|네이버|담당|데이터|데이터베이스|도구|리드|방법|베이스|사용|서비스|설명|설치|소스|시작|운영|지원|최적화|큐브
542|객체|다른|담당|때문|레퍼런스|메모리|메시지|모니터링|문제|부서|분석|사용|서버|서비스|수준|용량|인프라|자동|코드|확인
543|공유|관심|기초|바벨|부분|부탁|스터디|응원|이닝|이용|이해|이후|주제|중이|진행|처리|텍스트|특성|피쉬|한국어
544|강남|개발|공간|공유|대한|메리|명의|발표|사람|세미나|열기|자료|주제|주최|지난|진행|코딩|타워|하드|현장사진
545|개념|개발|개발자|걸음|게임|경희대학교|공부|공유|데이터|문자|병렬|서버|세미나|소개|원리|위해|자료|전달|진행|컴퓨팅
546|공유|대한|모임|밋업|발표|사용자|스파크|자료|지난|||||||||||
547|내용|람다|런스|발견|발표|방법|범위|병목|서버|서비스|스터디|실시간|애플리케이션|엔지니어링|용량|자료|정의|처리|톰캣|튜닝
548|개발자|경험|글로벌|모바일|변화|보고|성장|열정|예비|환경||||||||||
549|검색|공유|대한|랭킹|링크|부분|스터디|실제|아래|엔진|인공|자료|정리|정의|지성|집단|참고|파트|프로그래밍|학습
550|가치|경험|관련|노하우|문의|사분|전달|통해||||||||||||
551|개발|개발자|고민|과제|기회|대학|도전|만원|면제|문의|서류|수상자|실력|인턴|자신|전형|참여|특별상|해커|혜택
552|개발자|고민|기념품|기술|내외|네이버|목차|문제|방법|본문|사례|사인|세미나|신청|실패|아래|오후|이벤트|일시|정상
553|강남|개발|개발자|개선|도구|메리|모바일|발표|엔드|용법|자동화|자바|정수|주제|참가|출구|타워|프로젝트|프론트|환경
554|가장|개발|공개|관심|대해|도움|라벨|메뉴|번역|세미나|예정|오픈|주목|주제|참여|최근|프레임|한국어||
555|경험|공유|내용|대하|런스|발표|사람|서비스|성능|스터디|시간|아키텍처|용량|이중|자료|주제|지식|카페|텍트|튜닝
556|발표|올해||||||||||||||||||
557|개발|관리|대규모|라이브러리|모니터링|발표|방어|변수|변천사|부트|사례|서버|소개|소프트웨어|스프링|시스템|영속성|재택근무|적용|타입
558|객체|거나|구현|기능|다른|라이브러리|문제|버전|사용|상속|설정|요청|응답|장점|처리|추가|클래스|프로젝트|하나|해결
559|관심|기업|네이버|린지|선발|스타트|아이디어|예정|참여|해당||||||||||
560|과학|노트북|도구|목표|범용|시작|언어|연구|인터페이스|저작|저장|지금|지원|직접|코드|통해|파이|프로그래밍|현재|확장
561|과정|기능|네이버|디자인|로그|바로|서비스|아이디|업데이트|체험|확장|||||||||
562|개발|공유|널리|네트워크|데이터베이스|목차|무엇|분투|스터디|응용|자료|지원|채팅|커뮤니티|크로스|파일|프레임|프로그램|플랫폼|한국
563|그래픽|대한|돕기|또한|릴리|벡터|보기|사항|아이콘|요청|웹사이트|위해|제안|제작|직관|참여|최적화|툴킷|페이지|환영
564|검토|공개|공유|궁금증|네이버|대해|도구|도움|도입|설명|성능|소스|오픈|위해|주시|지난|진행|측정|케이|확장
565|관심|교육과정|내용|누리|대세|대안|링크|모집|발표|부탁|분야|상암동|선호|아래|업데이트|인기|중인|참여|최대|현재
566|개발|경험|공유|과정|나은|세미나|수요일|시행착오|오픈|위해|주간|주제||||||||
567|개발|개발자|공유|내용|등록|설정|스터디|실전|이드|자료|자바|제작|지원|직접|진행|카페|케이|환경||
568|개발|개최|관심|모임|부탁|사용자|서버|세계|센터|스프링|신청|애플리케이션|양재|일시|주제|진행|참가|참여|컨퍼런스|한국
569|공유|관심|기술|내용|대한|동향|발표|자료|진행|참고|최신|회의||||||||
570|개발|기능|데이터|디자인|문제|방법|방식|분산|사용|서비스|성능|애플리케이션|요청|위해|정보|추가|추적|코딩|트랜잭션|호출
571|개발자|경험|공개|관련|구성|구조|기술|내용|네이버|문제|민수|분석|비지|시스템|애플리케이션|엄선|에코|외부|지식|컬렉션
572|개발|개발자|국내|기술|도움|메뉴|세미나|오픈|완료|일환|작업|진행|최신|한글||||||
573|경량|공유|구축|그리드|데이타|마음대로|메모리|모바일|반의|발표|방법|소개|이슈|이용|자료|최근|테스트|확장|환경|활용
574|강의|공개|그린|금요일|다시|바로|세미나|여름방학|예정|위해|이번|자료|지난|팩토리|학생|||||
575|각기|관심|네이버|다른|랩스|부로|부탁|성과|수상|시작|예정|오늘|올해|인턴|정말|종료|지난|프로젝트||
576|개발|개발자|경우|껍데기|내용|달라|목차|사파리|상위|수면|실력|아래|얘기|어이|엔진|이야기|정상|크롭|통해|해킹
577|개발|개발자|기존|대상|대한|도입|라이브러리|방식|변경|사용|수행|실무|업무|엔드|여부|작업|제어|판단|프런트|필요
578|각자|경량|경험|공개|공유|관련|관리|기반|데이터|바탕|발표|사용|소개|실행|원격|유지|캐쥬|컨테이너|코드|토크
579|감사|개발자|관심|다음|드릴|등록|마감|메일|부탁|성원|세미나|신청|안내|알림|여분|예비|예정|이메일|주신|주중
580|가득|감사|공모전|공식|다운|데이|로그|모두|수상|수상작|식이|아래|오픈|오피스|응원|이사|참여|축하|출품|행사
581|개발|개발자|경진|경험|관심|기존|나눔|대상|대학생|대회|동아리|목표|세미나|소스|시작|예비|오픈|지식|지원|프로그램
582|개발자|그린|기술|네이버|대학생|세미나|신청|실력|안내|열정|예비|예정|위해|전파|지난|지식|참가|참여|팩토리|행사
583|개발자|공유|노력|모든|물이|방향|분위기|사항|산출|서로|위해|응원|이야기|지식|지원|진행|취지|커뮤니티|활동|활성화
584|공유|관리|데이터|발표|베이|세미나|실행|아래|자료|작성|재단|주제|진행|최근|코드|툴입니|팅된|한번||
585|개념|개요|공유|라이브|링크|모임|발표|소개|영상|이번|자료|작성|지원|진행|커뮤니티|케이|코딩|||
586|개선|공식|기성|네이버|데이|등록|랩스|사용자|사전|오픈|오피스|이번|인턴|자료|지난|참가|참가자|통해|피드백|후기
587|공개|그니|기반|도구|복구|소스|오픈|지원|탐지|파일|확장자|||||||||
588|객체|래시|로그|문제|발생|버그|버전|비지|사용|사용자|서버|서비스|성능|신규|실행|영역|정보|컬렉션|테스트|해결
589|공유|눈높이|대선|대우|대학생|대해|데이터|박찬|보안|시간|이닝|이해|지난|진행|참석|컨퍼런스|클라우드|테크|홈페이지|후기
590|공유|국립|노하우|대표|데이터|러닝|머신|문헌|바이오|발표|세미나|센터|스핀|실습|양적|연구|이용|자료|진행|통한
591|개선|게시|게시판|공모전|관리|기능|마련|모듈|사용|사용자|설정|시간|위해|작품|조회|지속|토요일|통해|피드백|하나
592|관심|글로벌|기반|기술|논의|랜드|멤버|발표|부탁|비즈니스|스택|시작|예정|오니|오픈|오후|진행|최신|컴퓨팅|클라우드
593|구현|메모리|방식|버전|스트림|시스템|실행|애플리케이션|외부|참고|추가|출력|코드|파일|표준|프로세스|하위|함수|호출|활용
594|공모전|공유|데이|로그|모듈|방문|상품|서로|오픈|오피스|올해|운영|이번|준비|중인|참여|출품|컨트리|프로젝트|해결
595|가장|경진|네이버|대학생|대회|랩스|바로|소스|수상|시작|십이|여름|예정|오픈|인턴|작년|주간|토분|프로젝트|혜택
596|개선|내부|네이버|대규모|데이터|분산|분석|사용|성능|수행|시스템|인프라|장애|제공|추적|케이|트랜잭션|특징|파일|프로
597|개발|개발자|개선|고민|공개|내부|네이버|도움|라이브러리|소스|시작|오픈|외부|위해|장소|체크|코드|프로젝트|플랫폼|협업
598|개념|광화문|기기|다양|대해|데이터|마이크로|보안|사례|소프트|예정|오후|워드|일시|장소|케이|타워|토요일|트윈|한국
599|내년|동안|마지막|모두|소식|순간|여러분|올해|컨텐츠|통해|한해|||||||||
600|개발자|공유|구성원|그림|기능|모바일|발전|사용|설계서|업무|중국|진행|통해|프로|프로그램|프로젝트|프로토|현재|협업|화면
601|구조|길이|깊이|대한|데이터|때문|레코드|링크|분포|비용|사용|성능|오버플로|위해|인덱스|저장|중복|증가|테이블|페이지
602|개발|개선|사용|생산|세미|소스|스위프트|스트림|엔드|유틸리티|이야기|자바|정도|참석|프로그래밍|프로세스|프로젝트|프론트|현장|후기
603|개발|개발자|경험|관심|기술|대한|대해|데이터|발표|분석|사람|서비스|설명|세션|수집|실시간|위해|추천|해결|협업
604|공간|구조|그림|네트워크|다음|데이터|디스크|때문|메모리|사용|속도|스레드|이미지|저장|접근|정지|처리|캐시|크기|파일
605|검색|규칙|그림|기능|데이터|로그|메시|메시지|부분|사용자|서버|성능|수행|알람|유입|저장|처리|하나|해당|확인
606|개발|구조|그림|네이버|도입|메시지|사용|서버|서비스|시간|시스템|외부|요청|위해|이용|적용|증가|최소|푸시|플랫폼
607|개발|개발자|네이버|도구|도움|마크|방법|사례|사용|설명|소개|스크립트|시작|엔드|자바|정보|조직|트리|프런트|활용
608|개발|공유|관심|기술|네이버|동시|모바일|목차|미처|발표|소개|시리즈|애니메이션|온라인과|이용|저자|정보|직접|토크|특강
609|개발|개발자|게임|난이도|네이버|네트워크|데이터|목차|분산|사용|서버|서비스|선수|세미나|시간|시스템|오픈|용량|지식|처리
610|가지|개발|개발자|거듭|공식|관심|대화|사용|서로|설치|소스|신청|오픈|지난|직접|참가|코드|통해|프로젝트|협업
611|결과|경우|기능|기록|대해|사용|수행|시간|여러|인덱스|제공|조건|지원|질의|집계|칼럼|테이블|특정|포함|표준
612|강사|개발|개발자|관심|네이버|넥트|대학생|마지막|매력|무언가|방법|서비스|세미나|세이렌|소개|실습|아래|오후|이야기|참조
613|개발|개발자|결승|공유|네이버|다른|도움|소스|시간|여러|오픈|위해|이슈|자신|진행|참가|참가자|프로젝트|학생|해결
614|개발|개발자|고려|공식|관련|기본|네이버|모바일|무료|무한|방법|부터|선착순|성능|세미나|신청|오픈|일시|참조|컨텐츠
615|개수|객체|경우|구현|대한|데이터|때문|리스트|발생|버킷|보조|사용|설명|성능|저장|충돌|크드|트리|함수|해시
616|경우|기능|기준|다중|디스크|때문|레코드|방식|비용|사용|압축|앞쪽|인덱스|추가|칼럼|트리|페이지|해독|해제|효과
617|개발|개발자|기기|네이버|모바일|목차|문의|사용|사용자|선수|세미나|센터|소개|시간|엔드|오픈|위해|지식|프로세스|환경
618|데이터|때문|라인|목록|비교|사용|사용자|서비스|설계|설명|성능|아키텍처|요청|위해|인덱스|저장|최신|친구|타임|하나
619|개수|근삿값|단어|대한|때문|메모리|배열|빈도|사용|안전|암호|오차|원소|이용|자료구조|정도|크기|파악|함수|해시
620|개발|개발자|게임|과정|관심|기술|네이버|대상|도구|목차|브라우저|세미나|소개|스크립트|스택|시간|오픈|자바|페이지|환경
621|가지|개념|개발자|경험|공개|네이버|대학생|대한|라이선스|모델|목차|설명|소스|시간|실제|오픈|의미|장소|취지|코드
622|공개|기술|너리|네이버|때문|바이|배포|사용|사용자|사인|생각|서명|암호|인증서|전자|프로그램|함수|해시|해커|확인
623|각각|결과|경우|대한|데이터|데이터베이스|때문|모든|배열|사용|시스템|원소|이용|인덱스|판단|포함|함수|해시|확률|확인
624|개수|결과|계산|대한|데이터|때문|레지스터|메모리|모든|방법|비트|사용|시간|연산|자료구조|저장|처리|추정|해시|확률
625|결과|노드|데이터|데이터베이스|때문|반영|방식|배치|분산|사용|수행|스트림|시간|여러|위해|저장|조인|처리|테이블|해시
626|개발|개발자|공유|관심|구현|네이버|모바일|방법|사용|서비스|설명|스크립트|원리|이벤트|자바|정보|페이지|프로젝트|확인|환경
627|개선|그림|기존|동작|때문|라이브러리|레이|문제|버전|변경|사용|소스|속성|수정|아웃|추가|코드|트위터|파일|프로젝트
628|개발|구현|그림|다음|데이터|라이브러리|레이더|비교|사용|사용자|소스|시스템|영역|이미지|접근성|정보|제공|차트|표현|형태
629|객체|날짜|논쟁|뉴스|데이터|때문|링크|미세|시간|시간대|예제|위해|윤초|코드|클래스|타임|투데이|표준|한국|확인
630|개발|개발자|공유|관련|관심|기술|네이버|대상|동기|목차|발표|방법|분당구|설문조사|세미나|센터|시간|오픈|참가|표준
631|네이버|노력|동작|때문|배터리|사용|상태|서버|서비스|시간|실행|애플리케이션|용량|유지|점유|주도|푸시|호출|횟수|효율
